{
  "accuracy": 0.50125,
  "precision": 0.5150251671549846,
  "recall": 0.50125,
  "f1": 0.3529436805585118,
  "latency_ms": 0.9541756340435573,
  "throughput": 1048.025085027848
}