{
  "accuracy": 0.82025,
  "precision": 0.8203173467221483,
  "recall": 0.8202499999999999,
  "f1": 0.8202405513939826,
  "latency_ms": 0.9062251756115566,
  "throughput": 1103.478502818199
}