{
  "accuracy": 0.7081344023060986,
  "precision": 0.5081471615056783,
  "recall": 0.5008588448210836,
  "f1": 0.43535301729283493,
  "latency_ms": 1.0899494991785066,
  "throughput": 917.4737001610612
}