{
  "accuracy": 0.8597783983424917,
  "precision": 0.8370253423557849,
  "recall": 0.8064567032816413,
  "f1": 0.8194121753672984,
  "latency_ms": 1.0095962300040313,
  "throughput": 990.494982331706
}